id,tipo,nombre,lat,lng,ciudad,pais,estado,categorias,telefono,descripcion,fuente,fuente_url,actualizado_en
fc5a7c03-9c9c-40bc-ac0b-0cc1cd26910a,acopio,FarmaBien - Todas las sedes,8.5947,-71.1449,Merida,Venezuela,abierto,agua|alimentos|ropa|medicamentos|higiene,,,La Mega,https://acopiove.org,2026-06-27T07:44:53.026Z
fea8c218-a018-4621-a303-6c4dc088eb5e,acopio,SPOT MERIDA,8.5925,-71.144,Merida,Venezuela,abierto,agua|alimentos|ropa|medicamentos|higiene,,,La Mega,https://acopiove.org,2026-06-27T07:44:53.029Z
2db96e36-f3af-4140-b58f-c7a2253756c0,acopio,JR Estética,40.4073461,-3.8791093,Madrid,España,abierto,Medicamentos|Higiene personal|Pañales|Artículos de bebé|Alimentos no perecederos,Johanny Gavidia,Insumos de emergencias sanitarias,@jrestetic1,https://acopiove.org,2026-06-27T20:03:54.347Z
0d1489a3-0178-4757-99f1-5be23c7c98ae,acopio,WeEnvíos · Kennedy,4.6544318,-74.141402,Bogotá,Colombia,abierto,,,,wedenvios,https://acopiove.org,2026-06-25T20:04:47.543Z
5badcab1-a822-49d2-9156-d024975ec598,acopio,Centro Cristiano Emanuel,42.34,-71.4925,Marlborough,USA,abierto,,,,julietaosorior,https://acopiove.org,2026-06-28T04:34:00.316Z
40810d66-9ec7-43c7-9c45-806233d14c54,acopio,El Arepazo,25.8267723,-80.3615425,Doral,Estados Unidos,abierto,Productos de higiene personal|enlatados|pañales|agua|toallas húmedas|alimentos no perecederos|productos para mascotas,,,RefugioVE (https://refugio-ve.vercel.app),https://acopiove.org,2026-06-26T06:23:17.767Z
c4a7b310-a1c7-40e4-943f-7a8aa4960726,acopio,La razon,6.2426338,-75.5645227,Medellin,Colombia,abierto,Agua|Alimentos no perecederos|Ropa|Frazadas|Medicamentos|Higiene personal|Pañales|Artículos de bebé,+57 3332265880,Alimento para gatos y perros,@larazon.med,https://acopiove.org,2026-06-27T20:03:53.246Z
7a08de16-7554-41f9-81db-ade050faa740,acopio,Panamá Solidaria con Venezuela,9.0115277,-79.4742236,Ciudad de Panamá,Panamá,abierto,,,,RefugioVE (https://refugio-ve.vercel.app),https://acopiove.org,2026-06-26T06:23:17.769Z
f95567b8-75ee-4b0e-95f3-738a009af70b,acopio,Voluntariado Higea · Barquisimeto,10.0787616,-69.310191,Barquisimeto,Venezuela,abierto,Alimentos no perecederos|medicinas|insumos médicos|cobijas y ropa,https://www.instagram.com/voluntariadohigea?igsh=MXBxYXAzdHh3cnBsdg==,,@marielozadab / @nathaliesayago,https://acopiove.org,2026-06-25T20:28:14.824Z
0c4eae9b-f419-48b6-b057-7c62948fae57,acopio,Colegio Las Colinas · Barquisimeto,10.060281,-69.2819497,Barquisimeto,Venezuela,abierto,Herramientas|insumos médicos y medicamentos,https://www.instagram.com/colegiolascolinas1969?igsh=MWt6cG5taHg2d2N5bA==,,@marielozadab / @nathaliesayago,https://acopiove.org,2026-06-25T20:28:14.852Z
c871ef35-4abe-4f9d-bbfd-cef464efaabc,acopio,Arepa Zone- MD,38.978654,-76.9390997,College Park,Estados Unidos,abierto,Insumos médicos|artículos de higiene personal|alimentos no perecederos,,,RefugioVE (https://refugio-ve.vercel.app),https://acopiove.org,2026-06-26T06:23:17.771Z
61c47652-6131-4624-a665-8f05ff24205b,acopio,Inter FC team Store at Nu Stadium,26.1922,-80.1581,Fort Lauderdale,Estados Unidos,abierto,Productos de higiene personal|enlatados|pañales|agua|toallas húmedas|alimentos no perecederos|productos para mascotas,,,RefugioVE (https://refugio-ve.vercel.app),https://acopiove.org,2026-06-26T06:23:17.773Z
988d3b4c-fb24-4992-a3a1-6840c1a273df,acopio,Arepa World,30.4018,-97.749,Austin,Estados Unidos,abierto,Ropa en buen estado|sábanas|cobijas y toallas|alimentos no perecederos|artículos de higiene personal|medicamentos de uso general|linternas|pilas. SOLO SÁBADO 28 DE JUNIO,https://www.instagram.com/p/DaA3wB4umri/?igsh=dTQzc3RsbjFxejN3,,RefugioVE (https://refugio-ve.vercel.app),https://acopiove.org,2026-06-26T06:23:17.774Z
39225685-c9ee-4278-b6b9-adf4f987b196,acopio,CENTRO FEMENTIDAD,-12.0898623,-77.0584122,Lima,Perú,abierto,Alimentos no perecederos|medicamentos y material de primeros auxilios.,,,RefugioVE (https://refugio-ve.vercel.app),https://acopiove.org,2026-06-26T06:23:17.776Z
87e9ae53-2c7e-4542-8fe3-e42e85c84d49,acopio,Pasticho Exprés,19.4367,-99.1989,Ciudad de México,México,abierto,Analgesicos|Antisepticos|Material para curaciones|vendas|cinta micropore|cremas antibioticas para heridas|Sales de hidratación oral|Antidiarreicos,,,RefugioVE (https://refugio-ve.vercel.app),https://acopiove.org,2026-06-26T06:23:17.779Z
6502dc3a-53f8-4269-a9f7-d6eb6718fa63,acopio,Asovegua,14.6041,-90.5069,Ciudad de Guatemala,Guatemala,abierto,Paracetamol|ibuprofeno|gasas estériles|vendas|cintas micropore|suturas|cremas antibióticas para heridas|pomadas para quemaduras y cicatrización|antidiarreico|guantes desechables|cubrebocas|termómetros digitales.,,,RefugioVE (https://refugio-ve.vercel.app),https://acopiove.org,2026-06-26T06:23:17.782Z
a4765146-77ad-434c-a057-cba904fa4cbe,acopio,OFICINA DEL ORIGEN,11.0198,-74.8372,Barranquilla,Colombia,abierto,ALIMENTOS NO PERECEDEROS|ROPA NUEVA O EN BUEN ESTADO|ELEMENTOS DE ASEO PERSONAL|ALIMENTOS PARA MASCOTAS|ARTICULOS PARA BEBES,,,RefugioVE (https://refugio-ve.vercel.app),https://acopiove.org,2026-06-26T06:23:17.784Z
e0187d76-bd06-41cc-876b-ceb9ff0bdeed,acopio,Venezolanos en Uruguay,-34.8997,-56.1675,Montevideo,Uruguay,abierto,Jabon|Pasta dental|Cepillos dentales|Toallas higiénicas|Tampones|Pañales|Mamadera|Leche en polvo|Formulas infantiles (cerradas y con fecha vigente)|Enlatados con abre fácil|Galletas saladas|Barras de cereal|Alimentos no perecederos|Alcohol liquido|Alcohol en gel|Suero fisiológico|Medicamentos y analgésicos|Antisépticos|Termómetros Digitales|Mascarilla N95,,,RefugioVE (https://refugio-ve.vercel.app) · @JulietaOsorior,https://acopiove.org,2026-06-26T16:42:29.011Z
ca8546fa-3af3-4a42-9477-865b3788ee29,acopio,(CVG) Edificio Administrativo 1 (SIDOR),8.254964,-62.8297215,Ciudad Guayana,Venezuela,abierto,,,,RefugioVE (https://refugio-ve.vercel.app),https://acopiove.org,2026-06-26T06:19:35.787Z
7289494d-e5b9-4eb7-9150-a9e9258903fd,acopio,Olarte Transport,34.0301041,-118.247455,Los Angeles,Estados Unidos,abierto,,(213) 624-2691 o patricia@olartetransport.com,,julietaosorior,https://acopiove.org,2026-06-28T04:58:44.562Z
a89966d6-7bd8-469a-b94c-39d5e8b817c9,acopio,C.C PLAZA MAYOR,10.1825871,-64.6857834,Puerto La Cruz,Venezuela,abierto,,,,@MANIRA,https://acopiove.org,2026-06-26T15:40:18.250Z
41927e95-1593-4b41-8013-6c3d93456cff,acopio,Terrazas del Club Hípico,10.4478245,-66.8717627,Caracas,Venezuela,abierto,,,,@Eldiario · @ecosistemag · @tonyfrangiem · @lole.zamudio,https://acopiove.org,2026-06-26T01:06:38.015Z
034e209f-3c51-4332-a303-b3b9d879cedb,acopio,C.C. La Capilla — Av. 19 de Abril,10.2530309,-67.6002667,Maracay,Venezuela,abierto,Agua|alimentos no perecederos|insumos médicos|ropa y abrigos.,https://www.instagram.com/p/DZ_kBlyIVRI/?hl=es,,@Eldiario · @marielozadab / @nathaliesayago,https://acopiove.org,2026-06-25T20:28:15.045Z
75dd6c89-0591-4058-aefa-77919e612953,acopio,Distrito Jabana — Amenábar,-34.5709102,-58.4492293,Buenos Aires,Argentina,abierto,Productos de higiene personal|ropa y abrigo|alimentos no perecederos|medicamentos y primeros auxilios,,,@distritojabana · @marielozadab / @nathaliesayago,https://acopiove.org,2026-06-25T20:28:15.499Z
845963b5-4ea0-49a0-bf8e-c57de2653ff8,acopio,Distrito Jabana — Libertad,-34.5970543,-58.3842161,Buenos Aires,Argentina,abierto,Productos de higiene personal|ropa y abrigo|alimentos no perecederos|medicamentos y primeros auxilios,,,@distritojabana · @marielozadab / @nathaliesayago,https://acopiove.org,2026-06-25T20:28:15.504Z
0a8749d4-c24b-4754-aebf-8b4180c39675,acopio,Perritos Kappa,10.4818801,-66.9106562,Majadahonda,España,abierto,,,,Sugerencia de la comunidad,https://acopiove.org,2026-06-27T20:03:52.069Z
5d9ffeaf-c75c-4321-91bd-7c8a9271aca3,acopio,Cáritas de Venezuela,7.2465107,-70.7281843,Guasdualito,Venezuela,abierto,Agua|Alimentos no perecederos|Ropa|Frazadas|Medicamentos|Higiene personal|Herramientas|Artículos de bebé|Pañales,0278-5846129,"Medicamentos, herramientas",Cáritas de Venezuela,https://acopiove.org,2026-06-27T20:03:50.760Z
1bf22a0f-d093-4372-9a3e-16836078fe80,acopio,Cáritas Venezuela · Punto Fijo,11.6931716,-70.1917178,Punto Fijo,Venezuela,abierto,Agua potable|pañales adultos y niños|productos de higiene personal|alimentos no pereceeros|medicamentos esenciales,,,@marielozadab / @nathaliesayago,https://acopiove.org,2026-06-25T20:28:15.141Z
96ecff5e-f1ca-4722-bf5a-38d11db3c876,acopio,Alcaldía de Cartagena,10.4057,-75.5176,Cartagena,Colombia,abierto,Alimentos no perecederos|productos de aseo|higiene personal|ropa en buen estado y artículos de primera necesidad,,,RefugioVE (https://refugio-ve.vercel.app),https://acopiove.org,2026-06-26T06:23:17.775Z
ec65cbfd-66d2-4261-a30e-24f442725093,acopio,Hotel Matisse (Chapinero),4.649802,-74.063761,Bogotá,Colombia,abierto,,,,@funjuntossepuede,https://acopiove.org,2026-06-27T19:57:01.232Z
98514822-21d5-412e-bd99-97531a28b599,acopio,Centro de acopio Chapinero (Cra 9 # 61-70),4.644719,-74.057673,Bogotá,Colombia,abierto,,,,@funjuntossepuede,https://acopiove.org,2026-06-27T19:57:01.232Z
83dce75f-e3d7-4ac7-86e2-06f111740b6c,acopio,Conjunto Oasis de Castilla (Kennedy),4.644758,-74.141571,Bogotá,Colombia,abierto,,Rusbel Prado · 3134870149,,@funjuntossepuede,https://acopiove.org,2026-06-27T19:57:01.232Z
f3ff2e14-1ccc-48b1-9b71-1519fe5af802,acopio,Centro de acopio Barrios Unidos (Cra 65 # 73-23),4.664212,-74.067356,Bogotá,Colombia,abierto,,,,@funjuntossepuede,https://acopiove.org,2026-06-27T19:57:01.232Z
7cec96c0-576e-455a-8ff8-5df785b0acf5,acopio,Panadería Ávila (Cedritos),4.719215,-74.033161,Bogotá,Colombia,abierto,,,,@funjuntossepuede,https://acopiove.org,2026-06-27T19:57:01.232Z
2bdf5018-cc03-4bd2-ba71-1ba3f7505eb1,acopio,Centro de acopio Cedritos (Autopista Norte # 146-57),4.727127,-74.038997,Bogotá,Colombia,abierto,,,,@funjuntossepuede,https://acopiove.org,2026-06-27T19:57:01.232Z
9a24594c-a366-4485-9d92-064ea3323071,acopio,Centro de acopio Usaquén (Cra 8 # 127-76),4.704595,-74.036273,Bogotá,Colombia,abierto,,,,@funjuntossepuede,https://acopiove.org,2026-06-27T19:57:01.232Z
03a0b9ab-ee9d-4fc3-96b1-55aafa0b98e8,acopio,Fundación Mahuampi (Fontibón),4.688383,-74.148592,Bogotá,Colombia,abierto,,Gustavo Gelves · 3227683589,,@funjuntossepuede,https://acopiove.org,2026-06-27T19:57:01.232Z
45291146-e8b8-4e4c-8db2-f075632948be,acopio,Full Arepa,34.0456,-118.2526,Los Ángeles,Estados Unidos,abierto,,+1 (213) 518-4102,Reciben ayuda humanitaria hasta el martes.,@JulietaOsorior,https://acopiove.org,2026-06-27T21:13:20.543Z
bd1fbb6e-fa89-4042-baad-c6f18119c280,acopio,Hermandad Gallega Valencia,10.2183,-68.0064,Valencia,Venezuela,abierto,Agua|Alimentos no perecederos|Medicamentos|Ropa|Frazadas,,,@exitos991 & @lamega967,https://acopiove.org,2026-06-25T23:51:30.447Z
961ba4cb-3c43-4aba-a1a5-06a298ff583e,acopio,Casa Machi Espacio Cultural,8.5922496,-71.1414354,Mérida,Venezuela,abierto,Ropa|Frazadas|Medicamentos|Higiene personal|Artículos de bebé|Pañales,+584126612810,,@merida_sorora,https://acopiove.org,2026-06-28T00:12:33.785Z
69fe1ba4-f1f8-44f0-8cff-a44300b2d7d0,acopio,Parque Metropolitano de San Diego,10.2272,-67.9617,San Diego,Venezuela,abierto,Agua|Alimentos no perecederos|Medicamentos|Ropa|Frazadas,,,@exitos991 & @lamega967,https://acopiove.org,2026-06-25T23:51:30.521Z
ab0a6585-6587-4391-b913-07e544c47bd4,acopio,G3 Logística - San Diego,10.1901,-67.9754,San Diego,Venezuela,abierto,Agua|Alimentos no perecederos|Medicamentos|Ropa|Frazadas,,,@exitos991 & @lamega967,https://acopiove.org,2026-06-25T23:51:30.526Z
b1cfb280-2f3a-4ab8-a4b5-e14feef32c87,acopio,Centro de Acopio Los Guayos - Elevado La Vivienda,10.178,-67.9372,Los Guayos,Venezuela,abierto,Agua|Alimentos no perecederos|Medicamentos|Ropa|Frazadas,,,@exitos991 & @lamega967,https://acopiove.org,2026-06-25T23:51:30.532Z
e60b0fa1-7227-402b-8e2a-6341b9681b4b,acopio,Centro de Acopio Chicago - West Zone,41.928,-87.7485,Chicago,Estados Unidos,abierto,Agua|Alimentos no perecederos|Medicamentos|Ropa|Frazadas,872-346-2842,,Comunidad Activa,https://acopiove.org,2026-06-26T00:48:23.157Z
b2b932a7-7d4d-4f74-b52a-609656f86407,acopio,Supermercados Riba Smith,8.9772905,-79.5303276,Ciudad de Panamá,Panamá,abierto,Agua embotellada|alimentos no perecederos|productos de higiene,https://www.instagram.com/p/DaA4aGqRgwX/?igsh=ODFyaWkwMXlqMThw,,RefugioVE (https://refugio-ve.vercel.app),https://acopiove.org,2026-06-26T06:23:17.758Z
99efafc0-c131-4dc9-8b4e-a8471406c806,acopio,Comando ConVzla — Barinas Capital,8.6257,-70.2177,Barinas,Venezuela,abierto,agua|alimentos|medicinas|ropa,,,@marielozadab / @nathaliesayago,https://acopiove.org,2026-06-26T01:38:24.047Z
00b263f8-b838-465e-8c42-fb55c500d553,acopio,All for Vzla · Florida,27.7567667,-81.4639835,Pembroke Pines,Estados Unidos,abierto,Medicamentos e insumos médicos|Insumos de pirmeros auxilios|alimentos no perecederos|linternas|pilas,Mayra Marchan 305-588-0338 https://www.instagram.com/p/DZ_cLtxuR0O/?igsh=MWdkcHdqZXVvYW96Zg==,,@marielozadab / @nathaliesayago,https://acopiove.org,2026-06-25T20:28:15.596Z
fdc5245f-ace0-4c29-bfb9-3adf6d7ef710,acopio,Comando Con Venezuela · Barinas,7.8145169,-71.1811441,Santa Bárbara de Barinas,Venezuela,abierto,Agua|alimentos no perecederos|insumos médicos|ropa y abrigos.,0424714 10 72 — 0424 7463080,,@marielozadab / @nathaliesayago,https://acopiove.org,2026-06-25T20:28:14.773Z
d964e51d-402a-4c6a-9415-33bce68db245,acopio,La Francia Joyería,33.0235,-96.8252,Dallas,Estados Unidos,abierto,,,,@JulietaOsorior,https://acopiove.org,2026-06-26T05:34:27.681Z
10beade7-44e8-43b5-a773-5c6f6f4eb902,refugio,Estadio Chato Candela,10.5060415,-66.945003,Caracas,Venezuela,abierto,,,,RefugioVE (https://refugio-ve.vercel.app),https://acopiove.org,2026-06-26T06:10:39.761Z
325b92f3-4c63-476f-bc4a-f5ae2f278a3f,acopio,Korea Japón Motors,10.6616,-71.6014,Maracaibo,Venezuela,abierto,Agua Potable|Alimentos no Perecederos|Ropa/Zapatos|Cobijas|Medicamentos|Primeros Auxilios|Higiene Personal,,,RefugioVE (https://refugio-ve.vercel.app),https://acopiove.org,2026-06-26T06:19:35.787Z
2442fe53-2b7d-4ff8-9e11-7ab40fd7f323,acopio,Fundación Cruz Azul — Fitness Factory Los Palos Grandes,10.5026,-66.8466,Caracas,Venezuela,abierto,medicinas,https://www.instagram.com/cruzazulusm,,@marielozadab / @nathaliesayago,https://acopiove.org,2026-06-26T01:38:24.202Z
d3ae280d-ba07-4947-8219-d9af9feb08fb,acopio,Centro de Acopio Bloque Histórico Popular (CEPROI),10.5054,-66.9475,Caracas,Venezuela,abierto,alimentos,Inyerber Gutiérrez +58 412-3799207,,@marielozadab / @nathaliesayago,https://acopiove.org,2026-06-26T01:38:24.208Z
86d76f2b-345c-4eed-a9da-f672593bed0a,acopio,Colegio Cristo Rey Altamira,10.47076,-66.83726,Caracas,Venezuela,abierto,alimentos|medicamentos,Sin telefono,,@marielozadab / @nathaliesayago,https://acopiove.org,2026-06-27T08:41:05.259Z
d723dbac-fb8a-4c05-9a2a-7512c5fcc7fe,acopio,Alcaldía de Chacao — Sede Desarrollo Social,10.4898,-66.8552,Caracas,Venezuela,abierto,agua|alimentos|ropa,0424 128 59 89 / 0424 204 22 53,,@marielozadab / @nathaliesayago,https://acopiove.org,2026-06-26T01:38:24.212Z
5aeb682b-7c6e-437a-89fa-7eb78b4fdacc,acopio,Chef Margaro — Los Jardines,10.5005,-66.8758,Caracas,Venezuela,abierto,agua|alimentos|medicinas,,,@marielozadab / @nathaliesayago,https://acopiove.org,2026-06-26T01:38:24.220Z
3e89c778-392e-4db8-bf00-e0997f8d739b,acopio,G3 Logística — Los Cortijos de Lourdes,10.4809,-66.8279,Caracas,Venezuela,abierto,alimentos|agua|medicinas|higiene|ropa,,,@marielozadab / @nathaliesayago,https://acopiove.org,2026-06-26T01:38:24.224Z
72bbcc72-ad0f-4cc9-95d5-276aeb71e6f0,acopio,Colegio Mater Salvatoris — Cerro Quintero,10.4853,-66.8661,Caracas,Venezuela,abierto,alimentos|medicinas|ropa,,,@marielozadab / @nathaliesayago,https://acopiove.org,2026-06-26T01:38:24.228Z
5883e8ce-aede-45e4-a060-51d9ded06423,acopio,Alcaldía de Baruta — Concha Acústica de Bello Monte,10.4732,-66.851,Caracas,Venezuela,abierto,alimentos|agua|medicinas|ropa,,,@marielozadab / @nathaliesayago,https://acopiove.org,2026-06-26T01:38:24.233Z
312821ce-8292-4309-b225-1d11c751240c,acopio,FCU-UCV — Sede Universitaria,10.4918,-66.8889,Caracas,Venezuela,abierto,agua|alimentos|medicinas|ropa,,,@marielozadab / @nathaliesayago,https://acopiove.org,2026-06-26T01:38:24.237Z
b4200bda-de00-4edc-9cbf-b1ef4d119ecd,acopio,Centro de Acopio El Hatillo — Vía La Unión,10.4185,-66.8212,El Hatillo,Venezuela,abierto,alimentos|medicinas,04142384085,,@marielozadab / @nathaliesayago,https://acopiove.org,2026-06-26T01:38:24.240Z
45bb459d-1b5d-44b7-822f-94203814d942,acopio,Av. Principal Playa Grande — DIP / PNB,10.596,-66.933,La Guaira,Venezuela,abierto,agua|alimentos|higiene|medicinas|ropa,,,@marielozadab / @nathaliesayago,https://acopiove.org,2026-06-26T01:38:24.243Z
fe3df718-73fe-461c-9fff-e229e5e699cd,acopio,CC Santa Eulalia — Exq. Brill Panadería,10.1558,-64.6799,Barcelona,Venezuela,abierto,alimentos|ropa|medicinas|higiene,https://www.instagram.com/stories/exqbrill/,,@marielozadab / @nathaliesayago,https://acopiove.org,2026-06-26T01:38:24.247Z
0935e434-5352-4e05-9daa-0fa8b72bbae9,acopio,Centro Sirio Venezolano — Puerto La Cruz,10.2025,-64.6634,Puerto La Cruz,Venezuela,abierto,alimentos|medicinas,,,@marielozadab / @nathaliesayago,https://acopiove.org,2026-06-26T01:38:24.251Z
69779f79-32a9-4ffd-afc3-e3210bc8e8bd,acopio,Torre Promotora Paraíso — Maracaibo,10.6545,-71.6351,Maracaibo,Venezuela,abierto,medicinas|agua|alimentos|higiene|ropa,@torrepromotoraparaisomcbo,,@marielozadab / @nathaliesayago,https://acopiove.org,2026-06-26T01:38:24.254Z
89636230-a938-4489-81de-32d0ffd85e1d,acopio,Cáritas Venezuela — Catedral Nuestra Sra del Carmen,9.7452,-63.1723,Maturín,Venezuela,abierto,alimentos|agua|medicinas,,,@marielozadab / @nathaliesayago,https://acopiove.org,2026-06-26T01:38:24.267Z
1847415f-95c4-4083-aa0b-733244785341,acopio,Movimiento Estudiantil VEN UNETE — UNET San Cristóbal,7.7955,-72.1995,San Cristóbal,Venezuela,abierto,alimentos|agua|medicinas|ropa,,,@marielozadab / @nathaliesayago,https://acopiove.org,2026-06-26T01:38:24.271Z
faa13d0b-3f73-4738-868f-935365d6c81a,acopio,G3 Logística — Zona Industrial II Barquisimeto,10.0797,-69.3726,Barquisimeto,Venezuela,abierto,agua|alimentos|ropa|medicinas|higiene,,,@marielozadab / @nathaliesayago,https://acopiove.org,2026-06-26T01:38:24.276Z
40d739ce-0d1f-4118-9581-7a18cb15242e,acopio,"Punto de Acopio — Hotel Costa Sol, Cabimas",10.4012,-71.4545,Cabimas,Venezuela,abierto,alimentos|higiene|medicinas|ropa|agua,,,@marielozadab / @nathaliesayago,https://acopiove.org,2026-06-26T01:38:24.282Z
b33e0c70-f81c-4c6b-a804-05f112c74843,acopio,Punto de Acopio — Corpoelec Cabimas,10.4084,-71.442,Cabimas,Venezuela,abierto,alimentos|higiene|medicinas|ropa|agua,,,@marielozadab / @nathaliesayago,https://acopiove.org,2026-06-26T01:38:24.287Z
b19fbc28-a39d-42db-a5f0-db3837629490,acopio,"Punto de Acopio — CC Borjas / Xtrema 98.9FM, Cabimas",10.3986,-71.4582,Cabimas,Venezuela,abierto,alimentos|higiene|medicinas|ropa|agua,,,@marielozadab / @nathaliesayago,https://acopiove.org,2026-06-26T01:38:24.290Z
298362c4-8d85-464e-a15d-0190ed1f31ac,acopio,Centro de Estudiantes de Veterinaria UCV — Maracay,10.2558,-67.5912,Maracay,Venezuela,abierto,alimentos|agua|medicinas|ropa|higiene,,,@marielozadab / @nathaliesayago,https://acopiove.org,2026-06-26T01:38:24.293Z
812ef3f3-8eb8-42df-9690-30329e18ba4a,acopio,"RELEVECA — CC Reycall, Ciudad Ojeda",10.1893,-71.312,Ciudad Ojeda,Venezuela,abierto,higiene|ropa|alimentos|medicinas,04122581233 / 04246302640,,@marielozadab / @nathaliesayago,https://acopiove.org,2026-06-26T01:38:24.306Z
46be5080-5bf3-408d-bdfb-aa2df8cbdec0,acopio,Antiguo restaurante El Oeste,9.7422774,-63.1888854,Maturín,Venezuela,abierto,Agua|alimentos no perecederos|insumos médicos|ropa y abrigos.,,,@Eldiario · @marielozadab / @nathaliesayago · @JulietaOsorior,https://acopiove.org,2026-06-25T20:28:15.052Z
71746740-38d0-4b9f-bb59-1032f15ae401,acopio,Centro de Acopio Carmel,39.954,-86.178,Carmel,Estados Unidos,abierto,Agua|Alimentos no perecederos|Medicamentos|Ropa|Frazadas,,,@JulietaOsorior,https://acopiove.org,2026-06-26T00:44:20.282Z
b6435607-7e69-4f25-b28a-a0b542965693,acopio,Estación Metro San Javier,6.2569996,-75.6139695,Medellín,Colombia,abierto,,319 2659059,,@JulietaOsorior,https://acopiove.org,2026-06-26T09:28:27.611Z
189c7ef4-b3ef-4c30-bc4b-fa8cbe330adc,acopio,Centro de Acopio Guayaquil - Chamos Burger,-2.16245,-79.91423,Guayaquil,Ecuador,abierto,Agua|Alimentos no perecederos|Medicamentos|Ropa|Frazadas,,,@convzlaecuador · @JulietaOsorior,https://acopiove.org,2026-06-25T23:53:16.324Z
62845f7e-5f07-4ef7-86b2-c0d7ff3df33f,acopio,Centro de Acopio Indianápolis - Iowa St,39.7368,-86.1158,Indianapolis,Estados Unidos,abierto,Agua|Alimentos no perecederos|Medicamentos|Ropa|Frazadas,Chrisbell Pistone - 317-441-0771,,@JulietaOsorior,https://acopiove.org,2026-06-26T00:44:20.260Z
a81105ca-7ba6-450f-b923-a7a9cca38ff9,acopio,Centro de Acopio Avon,39.756,-86.394,Avon,Estados Unidos,abierto,Agua|Alimentos no perecederos|Medicamentos|Ropa|Frazadas,Chrisbell Pistone - 317-441-0771,,@JulietaOsorior,https://acopiove.org,2026-06-26T00:44:20.265Z
7975b941-efc4-44dc-bf51-60d67d993705,acopio,Centro de Acopio Lebanon,40.045,-86.467,Lebanon,Estados Unidos,abierto,Agua|Alimentos no perecederos|Medicamentos|Ropa|Frazadas,,,@JulietaOsorior,https://acopiove.org,2026-06-26T00:44:20.270Z
b86748bc-0a04-47bf-814e-96e903f6dbe7,acopio,Centro de Acopio Westfield - Red Habanero,40.0601,-86.1306,Westfield,Estados Unidos,abierto,Agua|Alimentos no perecederos|Medicamentos|Ropa|Frazadas,,,@JulietaOsorior,https://acopiove.org,2026-06-26T00:44:20.275Z
b4550fd3-9813-407a-b507-25845014a3a9,acopio,Centro de Acopio Montería - San Miguel,8.756,-75.897,Montería,Colombia,abierto,Agua|Alimentos no perecederos|Medicamentos|Ropa|Frazadas,,,@JulietaOsorior,https://acopiove.org,2026-06-26T00:44:20.298Z
353295d7-2e66-4149-afa4-eb61940abc79,acopio,Centro de Acopio Cúcuta - CC Gran Sam,7.889,-72.502,Cúcuta,Colombia,abierto,Agua|Alimentos no perecederos|Medicamentos|Ropa|Frazadas,,,@JulietaOsorior,https://acopiove.org,2026-06-26T00:44:20.303Z
b098ff66-3cdb-4bf1-8c3c-f758c5b0a227,acopio,Centro de Acopio Cúcuta - Barrio Lleras,7.8968,-72.5014,Cúcuta,Colombia,abierto,Agua|Alimentos no perecederos|Medicamentos|Ropa|Frazadas,,,@JulietaOsorior,https://acopiove.org,2026-06-26T00:44:20.312Z
640a5966-96d3-4ada-b4d0-5d8fb3f75a61,acopio,Centro de Acopio Medellín - I.E. Héctor Abad Gómez,6.2453,-75.56,Medellín,Colombia,abierto,Agua|Alimentos no perecederos|Medicamentos|Ropa|Frazadas,,,@JulietaOsorior,https://acopiove.org,2026-06-26T00:44:20.318Z
8c782064-dc6f-4d70-837b-096eaf721435,acopio,Centro de Acopio Maicao - Celumaicao,11.3789,-72.2485,Maicao,Colombia,abierto,Agua|Alimentos no perecederos|Medicamentos|Ropa|Frazadas,,,@JulietaOsorior,https://acopiove.org,2026-06-26T00:44:20.322Z
267642b8-96c3-432e-aba2-69753c94dc96,acopio,Centro de Acopio Santa Marta - Parque La Tenería,11.233,-74.215,Santa Marta,Colombia,abierto,Agua|Alimentos no perecederos|Medicamentos|Ropa|Frazadas,,,@JulietaOsorior,https://acopiove.org,2026-06-26T00:44:20.328Z
eb10b525-4557-4ca1-ad19-affb2fe96f5a,acopio,Centro de Acopio Bucaramanga - San Francisco,7.132,-73.125,Bucaramanga,Colombia,abierto,Agua|Alimentos no perecederos|Medicamentos|Ropa|Frazadas,,,@JulietaOsorior,https://acopiove.org,2026-06-26T00:44:20.331Z
931af149-71f0-424d-8744-ba6d7254e717,acopio,Centro de Acopio Cali - Comuneros II,3.425,-76.492,Cali,Colombia,abierto,Agua|Alimentos no perecederos|Medicamentos|Ropa|Frazadas,,,@JulietaOsorior,https://acopiove.org,2026-06-26T00:44:20.336Z
a088768f-fd9d-4afe-a81f-aa465b151fdf,acopio,Centro de Acopio Cali - Valle del Lili,3.38,-76.51,Cali,Colombia,abierto,Agua|Alimentos no perecederos|Medicamentos|Ropa|Frazadas,,,@JulietaOsorior,https://acopiove.org,2026-06-26T00:44:20.339Z
ed106215-482e-4673-8695-99517782d952,acopio,Centro de Acopio Quito - Aucas,-0.2789,-78.5462,Quito,Ecuador,abierto,Agua|Alimentos no perecederos|Medicamentos|Ropa|Frazadas,,,@JulietaOsorior,https://acopiove.org,2026-06-26T00:44:20.353Z
a5bde0f6-07a1-40f2-b232-eb0c80859f7c,acopio,Centro de Acopio Sangolquí - Rumiñahui,-0.332,-78.441,Sangolquí,Ecuador,abierto,Agua|Alimentos no perecederos|Medicamentos|Ropa|Frazadas,,,@JulietaOsorior,https://acopiove.org,2026-06-26T00:44:20.362Z
0620eeda-22cd-4cef-a937-fc2db75ed01e,acopio,Estación Metro La Floresta,6.2564077,-75.601404,Medellín,Colombia,abierto,,319 2659059,,@JulietaOsorior,https://acopiove.org,2026-06-26T09:28:27.611Z
69e101a8-f2ad-4476-9887-b149e837e0c4,acopio,Estación Metro Santa Lucía,6.256066,-75.6098818,Medellín,Colombia,abierto,,319 2659059,,@JulietaOsorior,https://acopiove.org,2026-06-26T09:28:27.611Z
91f2bcb1-db98-4caa-95a8-9a52db24c209,acopio,Centro de Acopio Baños de Agua Santa - Cinco Ocho,-1.397,-78.423,Baños de Agua Santa,Ecuador,abierto,Agua|Alimentos no perecederos|Medicamentos|Ropa|Frazadas,,,@JulietaOsorior,https://acopiove.org,2026-06-26T16:45:48.197Z
2cc4edce-7e46-4082-be73-45704495ad28,acopio,Centro de Acopio Machala - Agrojecam Stihl,-3.2205,-79.828,Machala,Ecuador,abierto,Agua|Alimentos no perecederos|Medicamentos|Ropa|Frazadas,,,@JulietaOsorior,https://acopiove.org,2026-06-26T16:45:48.197Z
1d221339-3d27-4bed-8620-6297eb3240ab,acopio,Centro de Acopio La Aurora - El Toreto,-1.97,-79.978,La Aurora,Ecuador,abierto,Agua|Alimentos no perecederos|Medicamentos|Ropa|Frazadas,,,@JulietaOsorior,https://acopiove.org,2026-06-26T16:45:48.197Z
29514403-3a5c-49a3-bb0e-63328abe2504,acopio,Centro de Acopio Guayaquil - U. de las Artes,-2.195,-79.88,Guayaquil,Ecuador,abierto,Agua|Alimentos no perecederos|Medicamentos|Ropa|Frazadas,,,@JulietaOsorior,https://acopiove.org,2026-06-26T00:44:20.374Z
52f225d8-ebf8-459e-b801-441870734b0e,acopio,Centro de Acopio Guayaquil - Av. Quito y Vélez,-2.1932,-79.8885,Guayaquil,Ecuador,abierto,Agua|Alimentos no perecederos|Medicamentos|Ropa|Frazadas,,,@JulietaOsorior,https://acopiove.org,2026-06-26T00:44:20.380Z
2e3bda13-2200-4b2d-a890-716669d1d9bd,acopio,Centro de Acopio Cuenca - Portal del Sol,-2.915,-79.022,Cuenca,Ecuador,abierto,Agua|Alimentos no perecederos|Medicamentos|Ropa|Frazadas,,,@JulietaOsorior,https://acopiove.org,2026-06-26T00:44:20.387Z
da775925-511d-469b-83bc-d0dbb7430c93,acopio,Los Chamos Arepas (todas las sedes),6.2697324,-75.6025597,Medellín,Colombia,abierto,,319 2659059,,@JulietaOsorior,https://acopiove.org,2026-06-26T09:28:27.611Z
388c35be-273e-4c77-bbcf-66095b377edf,acopio,Sede UNT Zulia,10.6498095,-71.6443596,Maracaibo,Venezuela,abierto,Material Médico y primeros auxilios y me,https://www.instagram.com/comezu_2021,,@Eldiario · @marielozadab / @nathaliesayago · @arbolpais · @JulietaOsorior · El País,https://acopiove.org,2026-06-25T20:28:15.197Z
da557950-ac12-4787-b5dd-c55b850a61d8,acopio,Sociedad civil · Caracas,10.5060934,-66.9146008,Caracas,Venezuela,abierto,Ropa|medicamentos e insumos|agua|alimentos no perecederos|lencería|Enlatados|frutos secos|harina pan|queso|jamón|pan|primeros auxilios|herramientas y protección (cinceles|mandarrias|guantes para escombros|gatos de botella|piquetas|Agua embotellada|insumos médicos|pañales,,,@marielozadab / @nathaliesayago · @JulietaOsorior · El País,https://acopiove.org,2026-06-25T20:28:15.368Z
9be71c08-a7ba-4008-b988-22bb5174f352,acopio,Centro de Acopio Terrazas del Club Hípico,10.4468,-66.8715,Caracas,Venezuela,abierto,Agua|Alimentos no perecederos|Medicamentos|Ropa|Frazadas,,,@JulietaOsorior · El País,https://acopiove.org,2026-06-26T00:48:23.134Z
df3c5453-de37-4f36-8fa7-62c33129a730,acopio,Centro de Acopio Altamira - Quinta El Bejucal,10.5015,-66.8838,Chacao,Venezuela,abierto,Agua|Alimentos no perecederos|Medicamentos|Ropa|Frazadas,,,@JulietaOsorior · El País,https://acopiove.org,2026-06-26T00:48:23.139Z
993d1136-d761-45e4-a6b8-e57b0e269d10,acopio,Centro de Acopio Maracay - Paseo de la Libertad,10.2577,-67.5913,Maracay,Venezuela,abierto,Agua|Alimentos no perecederos|Medicamentos|Ropa|Frazadas,,,@JulietaOsorior · El País,https://acopiove.org,2026-06-26T00:48:23.145Z
bcae54ee-470d-4478-97f7-35db3f58fa91,acopio,Expo Mujer — Mercy Road Church,39.9169,-86.2374,Indianapolis,Estados Unidos,abierto,Agua|Alimentos no perecederos|Medicamentos|Ropa|Frazadas|Higiene personal,,,@JulietaOsorior,https://acopiove.org,2026-06-26T17:18:02.307Z
4322e57d-bfc6-4ce0-a355-6d920403c6b9,acopio,Iglesia San Martin de Porres,11.7000425,-70.201478,Punto Fijo,Venezuela,abierto,Alimentos no perecederos|Agua|Ropa|Medicamentos|Higiene personal|Pañales|Artículos de bebé|Herramientas,04246376142,,Eric Granadillo,https://acopiove.org,2026-06-26T08:14:56.030Z
2c011e68-83a0-40a7-8030-1358e29c3c3f,acopio,CC Forum Plaza,10.136,-64.686,Lechería,Venezuela,abierto,,No especificado,,Venezuela Conecta (ayudasismove.org),https://acopiove.org,2026-06-26T19:15:22.261Z
0c465538-fd71-40e6-b128-8f7455e33542,acopio,Gobernación de Anzoátegui,10.136,-64.686,Lechería,Venezuela,abierto,,No especificado,,Venezuela Conecta (ayudasismove.org),https://acopiove.org,2026-06-26T19:15:23.467Z
bf37a917-c817-4313-83f8-2cd304c97151,acopio,Plaza de Puerto Príncipe,10.136,-64.686,Lechería,Venezuela,abierto,,No especificado,,Venezuela Conecta (ayudasismove.org),https://acopiove.org,2026-06-26T19:15:24.870Z
1ffcb920-d891-450b-ba11-ff0b0b47e040,acopio,Centro de acopio Comando ConVzla,10.251,-67.573,Maracay,Venezuela,abierto,,No especificado,,Venezuela Conecta (ayudasismove.org),https://acopiove.org,2026-06-26T19:15:26.368Z
9495b527-4f64-4239-8dac-7d19d036e3fb,acopio,Centro de acopio Voluntad Popular,10.251,-67.573,Maracay,Venezuela,abierto,,No especificado,,Venezuela Conecta (ayudasismove.org),https://acopiove.org,2026-06-26T19:15:27.624Z
9f3885cc-c595-4398-9fc9-cced6bd6c6f6,acopio,Restaurant O'Maria,8.622,-70.207,Barinas,Venezuela,abierto,,No especificado,,Venezuela Conecta (ayudasismove.org),https://acopiove.org,2026-06-26T19:15:29.398Z
957512c0-a600-46e0-9831-2cfe31665ccc,acopio,Esquina de Banesco (VP),8.128,-63.54,Ciudad Bolívar,Venezuela,abierto,,No especificado,,Venezuela Conecta (ayudasismove.org),https://acopiove.org,2026-06-26T19:15:36.292Z
b58e14c0-e7b8-41ba-afed-2b509c86ac8a,acopio,Frente Francisco de Miranda,8.128,-63.54,Ciudad Bolívar,Venezuela,abierto,,No especificado,,Venezuela Conecta (ayudasismove.org),https://acopiove.org,2026-06-26T19:15:37.466Z
19ea7563-320e-43c3-bae1-8a359726168c,acopio,Fundación del Niño,8.128,-63.54,Ciudad Bolívar,Venezuela,abierto,,No especificado,,Venezuela Conecta (ayudasismove.org),https://acopiove.org,2026-06-26T19:15:39.128Z
2471ec9b-db8d-4bbe-a321-53b115a7a934,acopio,Gobernación El Callao,8.128,-63.54,Ciudad Bolívar,Venezuela,abierto,,No especificado,,Venezuela Conecta (ayudasismove.org),https://acopiove.org,2026-06-26T19:15:40.893Z
d25882f3-2c72-4eb3-b9aa-47646a3db342,acopio,McDonald's de Alta Vista,8.128,-63.54,Ciudad Bolívar,Venezuela,abierto,,No especificado,,Venezuela Conecta (ayudasismove.org),https://acopiove.org,2026-06-26T19:15:42.127Z
20996c35-c419-4a24-b536-d4ece980d82a,acopio,Mercal Cedeño,8.128,-63.54,Ciudad Bolívar,Venezuela,abierto,,No especificado,,Venezuela Conecta (ayudasismove.org),https://acopiove.org,2026-06-26T19:15:43.474Z
26859ac8-a2bb-4e26-87f5-801dbfa7e59c,acopio,Plaza Chipía (Los Olivos),8.128,-63.54,Ciudad Bolívar,Venezuela,abierto,,No especificado,,Venezuela Conecta (ayudasismove.org),https://acopiove.org,2026-06-26T19:15:44.587Z
34845bd8-3d32-4d37-b610-85aae48491b6,acopio,Sede Asocoroscio,8.128,-63.54,Ciudad Bolívar,Venezuela,abierto,,No especificado,,Venezuela Conecta (ayudasismove.org),https://acopiove.org,2026-06-26T19:15:45.762Z
814fdeab-b2e4-4dbe-bb9e-fdc2f4c91989,acopio,Sede VEN 911,8.128,-63.54,Ciudad Bolívar,Venezuela,abierto,,No especificado,,Venezuela Conecta (ayudasismove.org),https://acopiove.org,2026-06-26T19:15:47.422Z
c8c786b8-4c65-44e7-8ede-de5ca5a37b80,acopio,Bomberos Universidad de Carabobo,10.162,-67.973,Valencia,Venezuela,abierto,,No especificado,,Venezuela Conecta (ayudasismove.org),https://acopiove.org,2026-06-26T19:15:48.718Z
a2b7df1d-e491-4773-be36-506280b0bda9,acopio,Centro de acopio Talislandia,10.162,-67.973,Valencia,Venezuela,abierto,,No especificado,,Venezuela Conecta (ayudasismove.org),https://acopiove.org,2026-06-26T19:15:50.270Z
a74ea8ce-ccb6-4486-942e-dffd2735c77c,acopio,Cáritas Venezuela,10.505,-66.903,Caracas,Venezuela,abierto,,No especificado,,Venezuela Conecta (ayudasismove.org),https://acopiove.org,2026-06-26T19:15:51.443Z
68231876-9399-4886-9107-a98a8da952ee,acopio,Desarrollo Social Chacao,10.505,-66.903,Caracas,Venezuela,abierto,,No especificado,,Venezuela Conecta (ayudasismove.org),https://acopiove.org,2026-06-26T19:15:52.743Z
39c653b2-e408-4249-90b7-96792f3b6e7c,acopio,FCU-UCV,10.505,-66.903,Caracas,Venezuela,abierto,,No especificado,,Venezuela Conecta (ayudasismove.org),https://acopiove.org,2026-06-26T19:15:53.954Z
13f0d0eb-50dc-4026-b121-547adb526051,acopio,Quinta El Bejucal (Altamira),10.505,-66.903,Caracas,Venezuela,abierto,,No especificado,,Venezuela Conecta (ayudasismove.org),https://acopiove.org,2026-06-26T19:15:55.127Z
7a8f3c51-bf8d-49e3-a922-402735fc9d57,acopio,Fundación Por Estas Calles,8.598,-71.144,Mérida,Venezuela,abierto,,No especificado,,Venezuela Conecta (ayudasismove.org),https://acopiove.org,2026-06-26T19:15:57.661Z
0c420082-f6d3-4316-8334-a56236936ce4,acopio,Bulevar de Las Minas,10.344,-67.042,Los Teques,Venezuela,abierto,,No especificado,,Venezuela Conecta (ayudasismove.org),https://acopiove.org,2026-06-26T19:15:58.942Z
e945ed03-955c-4b75-8812-0436f526e26c,acopio,Complejo Cultural Los Salias,10.3749262,-66.9602258,Los Teques,Venezuela,abierto,,No especificado,,Venezuela Conecta (ayudasismove.org),https://acopiove.org,2026-06-26T19:16:00.605Z
89dd3313-6541-4784-9257-3206496bae63,acopio,Quinta El Bejucal (Comando ConVzla),10.344,-67.042,Los Teques,Venezuela,abierto,,No especificado,,Venezuela Conecta (ayudasismove.org),https://acopiove.org,2026-06-26T19:16:01.765Z
4d037ef1-e1a3-4376-ab3e-20aa0a3e490d,acopio,Centro de acopio VP Monagas,9.746,-63.176,Maturín,Venezuela,abierto,,No especificado,,Venezuela Conecta (ayudasismove.org),https://acopiove.org,2026-06-26T19:16:03.700Z
391e9ae7-d97a-4ca3-b4bb-44b741f214c3,acopio,Cámara Municipal (Salón Maripa),10.453,-64.182,Cumaná,Venezuela,abierto,,No especificado,,Venezuela Conecta (ayudasismove.org),https://acopiove.org,2026-06-26T19:16:05.275Z
0f2a113b-9daf-44e7-9552-ba4f5c6e16d0,acopio,Gimnasio Ely Montes,10.453,-64.182,Cumaná,Venezuela,abierto,,No especificado,,Venezuela Conecta (ayudasismove.org),https://acopiove.org,2026-06-26T19:16:06.453Z
688c058c-8347-4c12-b013-d3bf601aec85,acopio,Núcleo Táchira ULA,7.766,-72.225,San Cristóbal,Venezuela,abierto,,No especificado,,Venezuela Conecta (ayudasismove.org),https://acopiove.org,2026-06-26T19:16:07.739Z
662bd867-c2e4-421a-8f00-dd4b82402d90,acopio,Plaza 24 de Septiembre,-17.7832891,-63.1820941,Santa Cruz de la Sierra,Bolivia,abierto,Alimentos no perecederos|Artículos de bebé|Pañales|Higiene personal|Ropa,77807678 - 62177790,,Sugerencia de la comunidad,https://acopiove.org,2026-06-26T19:39:49.988Z
b51af123-a5c8-4772-919b-014c4d30c46a,refugio,Escuela Luis Alberto Hurtado,10.4609,-67.07894,Caracas,Venezuela,abierto,,,,@svenezolanista,https://acopiove.org,2026-06-26T22:51:28.578Z
88c5ab81-e992-4ee9-be22-bc6e7fb81d4e,acopio,UCV — Plaza Rectorado,10.4901789,-66.8916633,Caracas,Venezuela,abierto,,,,@Eldiario,https://acopiove.org,2026-06-25T19:29:35.615Z
d65f8bd0-a922-4fb6-9d37-df4a086a7d6b,acopio,Cáritas Barquisimeto,10.07744,-69.32223,Barquisimeto,Venezuela,abierto,agua|alimentos|medicamentos|ropa,Sin telefono,,Venezuela Conecta (ayudasismove.org),https://acopiove.org,2026-06-27T08:41:04.309Z
6035bdcd-49e0-4861-8805-004a042fa917,acopio,Fundacion Equipo Solidario,-17.775023,-63.1675029,Santa Cruz de la Sierra,Bolivia,abierto,Agua|Alimentos no perecederos|Ropa|Higiene personal|Pañales|Artículos de bebé,77807678,,Sugerencia de la comunidad,https://acopiove.org,2026-06-26T19:39:45.416Z
200da92c-3406-4850-a2e4-eb6dce5f1a51,acopio,Proteccion Civil - Sedes Merida,8.59,-71.155,Merida,Venezuela,abierto,agua|alimentos|ropa|medicamentos|higiene,,,La Mega,https://acopiove.org,2026-06-27T07:44:53.014Z
37b5b105-0520-4272-ab85-0a77f008734b,acopio,JAC Motors - Concesionario Merida,8.618,-71.146,Merida,Venezuela,abierto,agua|alimentos|ropa|medicamentos|higiene,0412-2993530 / 0424-2007581 / 0426-2007581,,La Mega,https://acopiove.org,2026-06-27T07:44:52.933Z
f39d0dd6-cffa-47df-aad5-d76804a2a8c2,acopio,Rattan Plaza Margarita,10.9926601,-63.8241291,Margarita,venezuela,abierto,,,,@thisisjuanrojas,https://acopiove.org,2026-06-26T19:39:36.176Z
e4d6e291-ce34-4ec2-8f02-1bf6defa21d7,acopio,Merida Sorora - Casa Machi,8.5956,-71.1437,Merida,Venezuela,abierto,agua|alimentos|ropa|medicamentos|higiene,,,La Mega,https://acopiove.org,2026-06-27T07:44:52.938Z
bd9ec276-911a-4921-9873-24ca0dfae008,acopio,La Juventud Ayuda - Trolcable,8.5872,-71.1448,Merida,Venezuela,abierto,agua|alimentos|ropa|medicamentos|higiene,0412-9863510 / 0424-7034091,,La Mega,https://acopiove.org,2026-06-27T07:44:52.941Z
bcc5616b-e221-4043-a8b6-d9bf196b5acb,acopio,Hotel Escuela de Los Andes Venezolanos,8.621,-71.1444,Merida,Venezuela,abierto,agua|alimentos|ropa|medicamentos|higiene,,,La Mega,https://acopiove.org,2026-06-27T07:44:52.943Z
c0d12a46-d3dd-4b43-9aee-00fa5453be17,acopio,Centro de Acopio ULA - CC Centenario,8.583,-71.162,Merida,Venezuela,abierto,agua|alimentos|ropa|medicamentos|higiene,,,La Mega,https://acopiove.org,2026-06-27T07:44:52.952Z
b842fa74-5849-495b-a69e-aef7b8eac28f,acopio,Oficina AMI Venezuela Merida,8.5875,-71.145,Merida,Venezuela,abierto,agua|alimentos|ropa|medicamentos|higiene,,,La Mega,https://acopiove.org,2026-06-27T07:44:52.960Z
d2c2a6e2-d292-4165-a73a-baa7c025dbc9,acopio,Distribuidora A.P Frikarne,8.6001,-71.1432,Merida,Venezuela,abierto,agua|alimentos|ropa|medicamentos|higiene,0414-753-6622,,La Mega,https://acopiove.org,2026-06-27T07:44:52.971Z
d4b79cc6-424b-4503-92f0-c995eb32c5b9,acopio,Farmacia Micori - CC Rodeo Plaza,8.5839,-71.1396,Merida,Venezuela,abierto,agua|alimentos|ropa|medicamentos|higiene,0412-7723330,,La Mega,https://acopiove.org,2026-06-27T07:44:52.975Z
2db0d685-c584-4f53-af41-25d63e228266,acopio,Fitness World - Merida,8.5905,-71.152,Merida,Venezuela,abierto,agua|alimentos|ropa|medicamentos|higiene,,,La Mega,https://acopiove.org,2026-06-27T07:44:52.982Z
edf4c0af-7dba-4bbc-b28b-8004b33c84f8,acopio,LM Market - Alto Chama,8.5568,-71.1974,Merida,Venezuela,abierto,agua|alimentos|ropa|medicamentos|higiene,,,La Mega,https://acopiove.org,2026-06-27T07:44:52.985Z
dc6c71c3-373b-422b-abf4-05268d85dfee,acopio,LM Market - Tovar,8.337,-71.758,Merida,Venezuela,abierto,agua|alimentos|ropa|medicamentos|higiene,,,La Mega,https://acopiove.org,2026-06-27T07:44:52.988Z
e450f7c2-efc0-4c9f-adc0-0a48cdcc2639,acopio,Centro Comercial la 19,8.593,-71.147,Merida,Venezuela,abierto,agua|alimentos|ropa|medicamentos|higiene,0412-3121971,,La Mega,https://acopiove.org,2026-06-27T07:44:52.991Z
4b28b931-12a3-401a-b2cb-a0fe5596f84a,acopio,Kussay - Merida,8.595,-71.1462,Merida,Venezuela,abierto,agua|alimentos|ropa|medicamentos|higiene,,,La Mega,https://acopiove.org,2026-06-27T07:44:52.994Z
362c77c9-0bd4-4537-b15e-ad281671a33a,acopio,Sede de la Banda Show - Belen,8.6025,-71.141,Merida,Venezuela,abierto,agua|alimentos|ropa|medicamentos|higiene,,,La Mega,https://acopiove.org,2026-06-27T07:44:52.998Z
06f8bda4-9f53-43dc-9b75-fae78fb94033,acopio,Farmacia Mas Por Menos - Todas las sedes,8.5947,-71.1449,Merida,Venezuela,abierto,agua|alimentos|ropa|medicamentos|higiene,,,La Mega,https://acopiove.org,2026-06-27T07:44:53.000Z
0a5c87ff-8b6a-43a3-852b-99401fb1bde1,acopio,CC Rodeo Plaza - PB,8.5839,-71.1396,Merida,Venezuela,abierto,agua|alimentos|ropa|medicamentos|higiene,0414-7002799 (Maria Julia Jong),,La Mega,https://acopiove.org,2026-06-27T07:44:53.003Z
958c4e53-7c10-4c5e-8767-56fa38954ecb,acopio,Esquina de McDonald's - Av. Las Americas,8.5878,-71.1408,Merida,Venezuela,abierto,agua|alimentos|ropa|medicamentos|higiene,0424-7629255,,La Mega,https://acopiove.org,2026-06-27T07:44:53.006Z
563c035b-a56e-4371-a664-5b88b4570470,acopio,Alcaldia del Municipio Libertador - Sede,8.5986,-71.1432,Merida,Venezuela,abierto,agua|alimentos|ropa|medicamentos|higiene,,,La Mega,https://acopiove.org,2026-06-27T07:44:53.010Z
4935ef55-843c-4b1c-b389-ff7e665e1b43,acopio,Suraki - Av. Las Americas,8.586,-71.14,Merida,Venezuela,abierto,agua|alimentos|ropa|medicamentos|higiene,0424-7476652,,La Mega,https://acopiove.org,2026-06-27T07:44:53.018Z
a4440c85-233c-4500-a50d-e98b44dade39,acopio,CacaoLab - Merida,8.572,-71.148,Merida,Venezuela,abierto,agua|alimentos|ropa|medicamentos|higiene,0414-3740701,,La Mega,https://acopiove.org,2026-06-27T07:44:53.020Z
7f61a36b-05fc-4c6c-8b38-6e5ef2e94183,acopio,Hiper Garzon - Las Americas,8.578,-71.145,Merida,Venezuela,abierto,agua|alimentos|ropa|medicamentos|higiene,,,La Mega,https://acopiove.org,2026-06-27T07:44:53.023Z
56112587-8d9b-49eb-b802-42d061b9a4d9,acopio,Comando ConVzla — Iglesia La Paz,10.47584,-66.95071,Caracas,Venezuela,abierto,agua|alimentos|medicamentos|ropa,Sin telefono,,acopiovzla.com,https://acopiove.org,2026-06-27T08:45:24.986Z
493bffc4-2e7a-4b23-991b-1ff4e490f968,acopio,FCU-UCV - Ciudad Universitaria,10.4892,-66.8903,Caracas,Venezuela,abierto,agua|alimentos|ropa|medicamentos|higiene,FCU-UCV Oficial,,acopiovzla.com,https://acopiove.org,2026-06-27T08:05:06.678Z
a2012fcf-e4d2-443e-a8d1-151d84bda367,acopio,UCAB Guayana - Sede Puerto Ordaz,8.297,-62.716,Ciudad Guayana,Venezuela,abierto,agua|alimentos|ropa|medicamentos|higiene,Direccion de Desarrollo Estudiantil,,acopiovzla.com,https://acopiove.org,2026-06-27T08:05:06.684Z
1e47118b-6af9-420b-a26f-99f80415aec7,acopio,ULA Nucleo Tachira,7.781,-72.213,San Cristobal,Venezuela,abierto,agua|alimentos|ropa|higiene,Sede ULA Tachira,,acopiovzla.com,https://acopiove.org,2026-06-27T08:05:06.691Z
65b334e2-2c65-4a67-92ca-20895b51575c,acopio,UNT Zulia - Sede Regional Maracaibo,10.64,-71.63,Maracaibo,Venezuela,abierto,agua|alimentos|ropa|medicamentos|higiene,Sede UNT Zulia,,acopiovzla.com,https://acopiove.org,2026-06-27T08:05:06.697Z
8bc393f3-b1d3-467f-be8c-6b6c889f5e33,acopio,Caritas Barquisimeto - Sede Principal,10.071,-69.324,Barquisimeto,Venezuela,abierto,agua|alimentos|ropa|medicamentos|higiene,Caritas Lara,,acopiovzla.com,https://acopiove.org,2026-06-27T08:05:06.725Z
a224ef33-d6dc-44df-8bc0-fe46df69639f,acopio,Voluntad Popular - Maturin,9.742,-63.183,Maturin,Venezuela,abierto,agua|alimentos|ropa|medicamentos|higiene,Sede VP Monagas,,acopiovzla.com,https://acopiove.org,2026-06-27T08:05:06.765Z
1703df9e-2c0d-4888-b9f4-43784c9fc071,acopio,Vente Zulia - Maracaibo,10.669,-71.612,Maracaibo,Venezuela,abierto,agua|alimentos|ropa|medicamentos|higiene,Sede Vente Zulia,,acopiovzla.com,https://acopiove.org,2026-06-27T08:05:06.775Z
d3110b8b-9334-4d3c-b620-ed8696e2ebb4,acopio,Camara de Comercio e Industrias de Bolivar,8.125,-63.535,Ciudad Bolivar,Venezuela,abierto,agua|alimentos|ropa|medicamentos|higiene,Camara de Comercio Bolivar,,acopiovzla.com,https://acopiove.org,2026-06-27T08:05:06.787Z
933574dd-42e4-439c-81a1-e67afe68b3a9,acopio,Teatro de la Opera de Maracay,10.247,-67.595,Maracay,Venezuela,abierto,agua|alimentos|ropa|medicamentos|higiene,Teatro Oficial Aragua,,acopiovzla.com,https://acopiove.org,2026-06-27T08:05:06.795Z
a103e04d-26c5-4964-8d58-5ae967c43e39,acopio,Primero Justicia - Los Palos Grandes,10.496,-66.848,Caracas,Venezuela,abierto,agua|alimentos|ropa|medicamentos|higiene,PJ Chacao,,acopiovzla.com,https://acopiove.org,2026-06-27T08:05:06.799Z
7d169abe-98da-4d8e-a94a-055a849405d7,acopio,Colegio de Medicos - Maracaibo,10.655,-71.621,Maracaibo,Venezuela,abierto,medicamentos|higiene,Colegio de Medicos Zulia,,acopiovzla.com,https://acopiove.org,2026-06-27T08:05:06.814Z
77cf0ddf-c96e-4f1d-9486-f4f8e86efa78,acopio,Rotaract Santo Angel - Crazy Pets Orinokia,8.292,-62.738,Ciudad Guayana,Venezuela,abierto,agua|alimentos|ropa|medicamentos|higiene,Rotaract Caroni,,acopiovzla.com,https://acopiove.org,2026-06-27T08:05:06.819Z
09e599c7-d2e5-4822-8067-058467cd2b53,acopio,Rotaract Santo Angel - Laboratorio Roraima,8.358,-62.665,San Felix,Venezuela,abierto,agua|alimentos|ropa|medicamentos|higiene,Rotaract San Felix,,acopiovzla.com,https://acopiove.org,2026-06-27T08:05:06.824Z
54541054-5c62-43d9-94e2-27e0864cc9b2,acopio,Rotaract Tachira - San Cristobal,7.765,-72.228,San Cristobal,Venezuela,abierto,agua|alimentos|medicamentos,Rotaract San Cristobal,,acopiovzla.com,https://acopiove.org,2026-06-27T08:05:06.834Z
bc753628-17fd-4951-8165-4ba5fd21b9af,acopio,Evolution.academy.ve,8.588,-71.142,Merida,Venezuela,abierto,agua|alimentos|ropa|medicamentos|higiene,,,La Mega,https://acopiove.org,2026-06-27T07:44:53.033Z
4950f763-3dca-48f0-be27-fac6c4b396f5,refugio,Sede del Instituto Nacional de Deportes (IND),10.488,-66.935,Caracas,Venezuela,abierto,agua|alimentos|ropa|medicamentos|higiene,Oficial / Protección Civil,,infoayudavenezuela.site,https://acopiove.org,2026-06-27T08:41:05.456Z
a46a6b91-b6a3-4b84-9a5d-55a8baabaaa9,refugio,Sede de Ipostel (Centro Postal de Caracas),10.488,-66.935,Caracas,Venezuela,abierto,agua|alimentos|ropa|medicamentos|higiene,Oficial / Familias afectadas urbanismos de la zona,,infoayudavenezuela.site,https://acopiove.org,2026-06-27T08:41:05.463Z
de928eb4-c468-4f63-b5d8-5cfa60842ddd,refugio,Posada Disponible (Tucacas),10.8,-68.32,Tucacas,Venezuela,abierto,agua|alimentos|ropa|medicamentos|higiene,+58 412-6556811,,infoayudavenezuela.site,https://acopiove.org,2026-06-27T08:38:36.388Z
0fd1859e-0bf3-468c-8b56-cf4d574af29f,acopio,Comando ConVzla — Maracay (Paseo de la Libertad),10.23751,-67.58902,Maracay,Venezuela,abierto,agua|alimentos|medicamentos|ropa,Sin telefono,,acopiovzla.com,https://acopiove.org,2026-06-27T08:45:25.017Z
695e7ad2-a1ad-4c93-b46b-13f514316beb,acopio,Comando ConVzla — Yaracuy,10.3303,-68.74718,Independencia,Venezuela,abierto,agua|alimentos|medicamentos|ropa,Sin telefono,,acopiovzla.com,https://acopiove.org,2026-06-27T08:45:25.021Z
5245db38-f0de-4b29-88b3-0c35728715ae,acopio,Comando ConVzla — Bolívar,8.1216,-63.54604,Ciudad Bolívar,Venezuela,abierto,agua|alimentos|medicamentos|ropa,Sin telefono,,acopiovzla.com,https://acopiove.org,2026-06-27T08:45:25.026Z
3d7837c1-525a-49e6-9482-6a765c7a306d,acopio,Comando ConVzla — Mérida,8.5817,-71.16581,Mérida,Venezuela,abierto,agua|alimentos|medicamentos|ropa,Sin telefono,,acopiovzla.com,https://acopiove.org,2026-06-27T08:45:25.030Z
cc718942-5e74-408c-b73e-cdd27fb1beea,acopio,Comando ConVzla — La Guaira,10.60415,-67.02723,La Guaira,Venezuela,abierto,agua|alimentos|medicamentos|ropa,Sin telefono,,acopiovzla.com,https://acopiove.org,2026-06-27T08:45:25.036Z
38bd9da6-e7b9-45c6-a39a-374d83bf8aa9,acopio,Comando ConVzla — Trujillo,9.36886,-70.43346,Trujillo,Venezuela,abierto,agua|alimentos|medicamentos|ropa,04126840791,,acopiovzla.com,https://acopiove.org,2026-06-27T08:45:25.045Z
35727a36-29ba-4a0c-a064-203208172b74,acopio,Sociedad Civil — Municipio Sucre (Trujillo),9.4394,-70.77333,Sabana de Mendoza,Venezuela,abierto,agua|alimentos|medicamentos|ropa,04121644063,,acopiovzla.com,https://acopiove.org,2026-06-27T08:45:25.048Z
511eae0f-e2e7-498c-9cb8-3ecf1c31fbd9,acopio,Operación Todos con VZLA — Delicias,7.56583,-72.44773,Delicias,Venezuela,abierto,agua|alimentos|medicamentos|ropa,+584147125629+584147190194,,acopiovzla.com,https://acopiove.org,2026-06-27T08:45:25.051Z
91cb0790-b973-40d4-8469-7c2b53eba25b,acopio,Operación Todos con VZLA — Capacho Nuevo,7.82429,-72.30852,Capacho,Venezuela,abierto,agua|alimentos|medicamentos|ropa,041437668120424761297004247286187,,acopiovzla.com,https://acopiove.org,2026-06-27T08:45:25.055Z
ea6ce6fe-b440-4cbb-914a-203a93a5bd41,acopio,Operación Todos con VZLA — Guásimos,7.83738,-72.22727,Palmira,Venezuela,abierto,agua|alimentos|medicamentos|ropa,Sin telefono,,acopiovzla.com,https://acopiove.org,2026-06-27T08:45:25.060Z
8523c391-d4c5-4b14-a4f7-6a12dc901b41,acopio,Operación Todos con VZLA — La Fría,8.21185,-72.25363,La Fría,Venezuela,abierto,agua|alimentos|medicamentos|ropa,04147385295,,acopiovzla.com,https://acopiove.org,2026-06-27T08:45:25.063Z
2b27f81b-1325-4c5e-bcd8-79f40247171b,acopio,Operación Todos con VZLA — San José de Bolívar,7.91311,-71.97061,San José de Bolívar,Venezuela,abierto,agua|alimentos|medicamentos|ropa,Sin telefono,,acopiovzla.com,https://acopiove.org,2026-06-27T08:45:25.066Z
3220c7b4-d1fa-4d58-9aa9-7f6f713a0989,acopio,Operación Todos con VZLA — Pedraza,8.03134,-70.66722,Pedraza,Venezuela,abierto,agua|alimentos|medicamentos|ropa,Sin telefono,,acopiovzla.com,https://acopiove.org,2026-06-27T08:45:25.069Z
ba7bdad3-0637-403e-a953-d35eef6abeda,acopio,Operación Todos con VZLA — Libertad,8.32882,-69.63112,Libertad,Venezuela,abierto,agua|alimentos|medicamentos|ropa,Sin telefono,,acopiovzla.com,https://acopiove.org,2026-06-27T08:45:25.075Z
17bb6fd3-e37e-4637-b626-2adf164283be,acopio,Operación Todos con VZLA — Barinitas,8.75814,-70.40926,Barinitas,Venezuela,abierto,agua|alimentos|medicamentos|ropa,Sin telefono,,acopiovzla.com,https://acopiove.org,2026-06-27T08:45:25.081Z
4c609318-5e60-4882-b0f8-9fdb7394b876,acopio,Operación Todos con VZLA — Barrancas,8.7648,-70.11593,Barrancas,Venezuela,abierto,agua|alimentos|medicamentos|ropa,Sin telefono,,acopiovzla.com,https://acopiove.org,2026-06-27T08:45:25.090Z